일련번호,접수시간,수신시간,서비스ID,업체명,서비스,메시지 타입,내용,KISA 분류,AI 분류,AI 오류,휴먼 분류,AI 모델,엑셀 업로드 일시,llm_is_spam,llm_category,llm_confidence,exaone_reason,llm_model
1581,2025-03-10 22:45:00,2025-03-05 17:03:00,SM101495_023,내부연동_메시지허브,메시지허브,MMS,"[Web발신]동주초등학교 4학년  동주초 4-2 (2025)(로)으로 초대합니다.  초대코드를 입력하여 바로 가입하세요!  초대코드 : 67618268  링크 : https://www.hiclass.net/mobile/invite/clazzInviteCard?classId=c19a1dc4-abba-41c6-af2a-a222e3dad3cb&inviteCode=67618268_x000D__x000D_
MMS/초대장",교육,비스팸,,비스팸,nbc@20250305-01,,스팸,온라인 서비스 광고,0.95,"이 메시지는 특정 온라인 학습 플랫폼(hiclass)에 대한 가입 초대 코드를 포함하고 있으며, 학교 이름과 학년을 활용해 개인화된 접근을 시도하고 있어 온라인 서비스 이용을 유도하는 광고 성격을 띠고 있습니다.",/models/exaone
1511,2025-03-10 21:35:00,2025-03-10 19:48:00,SM109785_006,좋은소식,중계 SMS,SMS,"(광고)최신상'셀루켓'액티브 50%사전예약 D-1lashevan.com무료수신거부0805301732_x000D_
SMS/-",온라인 서비스 광고,비스팸,,표기법위반,nbc@20250305-01,,스팸,온라인 서비스 광고,0.95,"메시지가 특정 제품 ('셀루켓')의 사전 예약을 홍보하고 있으며, 짧은 URL과 함께 수신 거부 번호를 제공하는 것이 전형적인 온라인 광고 스팸 패턴을 보입니다.",/models/exaone
932,2025-03-10 16:32:00,2025-03-10 14:06:00,SM142485_125,젬텍(주),중계 MMS,MMS,"MMS 스팸신고[Web발신]LG유플러스 고객님, 안녕하세요.시장조사 기관 칸타코리아에서 연락드립니다.저희는 LG유플러스로부터 위탁을 받아LG유플러스에서 이용하고 계신 휴대폰 통신 품질(음성통화 및 데이터 품질) 개선을 위한 설문조사를 진행하고 있어요.보다 나은 서비스를 제공할 수 있도록 고객님의 소중한 의견을 들려주세요.설문조사를 완료하신 분들께는 커피쿠폰(아메리카노)을 제공해드리니 많은 참여 부탁드려요.▶조사기간: 2025년 3월 10일(월) ~ 17일(월)▶소요시간: 10분 이내▶아래의 링크를 통해 여러분의 소중한 의견을 들려주세요.: https://metasurvey.io/?list=4535▶쿠폰발송: 2025년 3월 21일(금)* 본 메시지는 엘지유플러스 고객님 중 위탁업체에게 개인정보제공 및 마케팅활용에 동의하신 분에 한해 발송되었어요.* 답변해주신 내용은 통계 목적으로만 활용돼요.* 데이터 이용을 원하지 않으시면, 와이파이에 연결한 다음 참여해주세요.* 본 조사에 대해 궁금하신 점이 있으신 경우, 칸타코리아(02-3415-5050) 또는 LG유플러스 고객센터(080-019-7000)으로 연락주시면 됩니다._x000D_
MMS/[KANTAR] LG U+ 통신 품질 만족도 설문조사",통신가입,비스팸,,비스팸,nbc@20250305-01,,비스팸,비스팸,0.95,"이 메시지는 LG유플러스 고객을 대상으로 한 공식적인 설문조사 안내로 보입니다. 고객 만족도 향상을 위한 목적으로 보이며, 개인정보 제공 동의 하에 발송된 것으로 명시되어 있어 스팸으로 분류하기 어렵습니다. 설문조사 참여에 대한 인센티브(커피 쿠폰) 제공은 일반적인 시장 조사 활동의 일환입니다.",/models/exaone
211,2025-03-10 10:13:00,2025-03-10 10:07:00,SM138940_015,웰컴저축은행(주),중계 MMS,MMS,"[Web발신](광고)[웰컴저축은행 대출비교서비스] 모바일에서 받을 수 있는 예상한도가 나왔어요. 아래 링크를 눌러 간편하게 확인해보세요.━━━━━━━━━━━[대출한도 확인하기]▶링크 : https://abr.ge/dp3ine▶경로 : 본인인증→맞춤대출 조회하기━━━━━━━━━━━※ 예상한도는 고객님과 유사한 신용정보를 보유한 고객님의 한도를 분석하여 제공하는 것으로 대출가능 조회시점, 상환방식, 차주별 DSR 기준, 대출신청 및 심사시점의 차이에 의해 대출 제한, 대출한도가 변경될 수 있습니다.※ 웰컴저축은행(주)은 대출상품을 대리·중개하며 대출계약체결권은 소비자가 신청한 제휴 금융사에 있으며, 여신심사 등을 통한 대출계약체결권은 소비자가 신청한 금융사에서 결정합니다.※ 본 서비스 이용과 관련하여 소비자는 금융소비자보호법 제44조와 제45조에 따라 금융상품직접판매업자인 금융기관 및 금융상품판매대리중개업자인 웰컴저축은행(주)에게 손해배상을 청구할 수 있습니다.※ 본 서비스 이용을 위해 소비자가 입력한 개인정보와 신용정보는 금융상품직접판매업자인 제휴 금융사가 보유 및 관리합니다.※ 웰컴저축은행(주)은 본 서비스를 통한 대출계약, 대출실행 등과 관련하여 소비자로부터 어떠한 금전적 대가도 받지 않으며 금융사를 대신하여 대출이자, 원금상환 등을 받지 않습니다.※ 금리, 한도 확인을 위한 신용정보조회는 신용점수에 영향을 주지 않습니다.※ 과도한 대출이 신용평점 하락의 원인이 될 수 있으며, 신용평점 하락으로 금융거래의 제약 또는 불이익이 발생할 수 있습니다. 연체 시 계약기간 만료 전 변제의무가 발생할 수 있습니다.※ 금융소비자는 금융상품에 대하여 설명을 받을 권리가 있으며, 계약을 체결하기 전에 금융상품 설명서와 약관을 확인하시기 바랍니다. ※ 본 문자는 2025년 03월 10일 기준 광고문자 수신에 동의하신 분들께 발송되었습니다.※ (마이데이터 문의) 1661-9500※ (무료수신거부) 0808501161 (수신자부담)※ 웰컴저축은행 준법감시인 심의필 제5229-A호(2024.07.09~2025.07.08)━━━━━━━━━━━[대출한도 확인하기]▶링크 : https://abr.ge/dp3ine▶경로 : 본인인증→맞춤대출 조회하기━━━━━━━━━━━_x000D__x000D_
MMS/이상국님 예상한도 3,060만원 도착!",대출,비스팸,,표기법준수,nbc@20250305-01,,스팸,금융 상품,0.95,"메시지가 대출 비교 서비스와 예상 대출 한도 확인을 유도하는 링크를 포함하고 있으며, 금융 기관(웰컴저축은행)의 이름을 사용하여 금융 상품 광고를 하고 있습니다. 개인화된 메시지와 함께 금융 상품 관련 링크 제공은 전형적인 금융 상품 스팸 메시지의 특징입니다.",/models/exaone
1425,2025-03-10 20:31:00,2025-03-10 19:49:00,SM142485_084,젬텍(주),중계 MMS,MMS,"MMS 스팸신고[Web발신](광고)스포힐상봉역점안녕하세요 회원님!스포힐휘트니스 상봉점(구 카인드라이프)을 이용해주셔서 진심으로 감사드립니다.3월 31일부터 시작된 '리모델링 오픈특가' 이벤트 안내 문자 보내드립니다.♥리모델링 오픈특가♥■ 1차 (3/10~4/6) 선착순 50명헬스 월 2만원! PT 4만원! ■ 2차 (4/7~4/27) 선착순 50명헬스 월 3만원! PT 4.5만원!■ 3차 (4/28~5/6) 선착순 50명헬스 월 4만원! PT 5만원!(vat 별도)※ 추가적으로 5월 7일 이후 부터는 회원권, PT 금액이 인상됨을 알려드립니다.※ 리모델링을 기다려주시는 회원님들께 보답드리고자 파격 할인을 진행중에 있으나 임차료, 인건비, 제반 비용 및 물가 상승으로 인해 지속적인 할인이 어려운점 회원님들의 넓은 이해와 양해 부탁드립니다.긴 글 읽어주셔서 감사합니다.무료거부 0808817402_x000D_
MMS/스포힐상봉역점",오프라인 광고,비스팸,,표기법준수,nbc@20250305-01,,스팸,온라인 서비스 광고,0.95,"이 메시지는 특정 헬스장(스포힐휘트니스 상봉점)의 리모델링 오픈 이벤트와 관련된 할인 정보를 제공하며, 주로 회원 유지 및 신규 회원 유치를 위한 광고 성격을 띠고 있어 온라인 서비스 광고 스팸으로 분류됩니다.",/models/exaone
